"","Var1","Freq"
"1","1",234784
"2","2",45254
"3","3",21485
"4","4",12720
"5","5",8776
"6","6",6488
"7","7",5181
"8","8",4090
"9","9",3392
"10","10",2949
"11","11",2555
"12","12",2191
"13","13",1948
"14","14",1721
"15","15",1558
"16","16",1415
"17","17",1318
"18","18",1187
"19","19",1071
"20","20",1002
"21","21",951
"22","22",901
"23","23",825
"24","24",816
"25","25",686
"26","26",705
"27","27",606
"28","28",645
"29","29",584
"30","30",571
"31","31",551
"32","32",524
"33","33",504
"34","34",434
"35","35",456
"36","36",418
"37","37",449
"38","38",372
"39","39",401
"40","40",399
"41","41",376
"42","42",325
"43","43",354
"44","44",316
"45","45",322
"46","46",304
"47","47",266
"48","48",295
"49","49",268
"50","50",269
"51","51",258
"52","52",247
"53","53",216
"54","54",245
"55","55",232
"56","56",200
"57","57",233
"58","58",224
"59","59",207
"60","60",207
"61","61",211
"62","62",198
"63","63",190
"64","64",164
"65","65",217
"66","66",182
"67","67",168
"68","68",185
"69","69",181
"70","70",158
"71","71",176
"72","72",183
"73","73",155
"74","74",144
"75","75",158
"76","76",147
"77","77",139
"78","78",156
"79","79",155
"80","80",139
"81","81",144
"82","82",130
"83","83",143
"84","84",109
"85","85",121
"86","86",117
"87","87",125
"88","88",129
"89","89",112
"90","90",105
"91","91",118
"92","92",97
"93","93",99
"94","94",101
"95","95",106
"96","96",110
"97","97",106
"98","98",86
"99","99",100
"100","100",104
"101","101",102
"102","102",93
"103","103",95
"104","104",94
"105","105",93
"106","106",93
"107","107",80
"108","108",75
"109","109",88
"110","110",88
"111","111",81
"112","112",85
"113","113",78
"114","114",94
"115","115",86
"116","116",79
"117","117",76
"118","118",89
"119","119",97
"120","120",71
"121","121",73
"122","122",69
"123","123",68
"124","124",79
"125","125",67
"126","126",65
"127","127",82
"128","128",56
"129","129",85
"130","130",56
"131","131",68
"132","132",55
"133","133",65
"134","134",72
"135","135",65
"136","136",55
"137","137",45
"138","138",58
"139","139",61
"140","140",63
"141","141",50
"142","142",53
"143","143",58
"144","144",47
"145","145",53
"146","146",58
"147","147",62
"148","148",52
"149","149",47
"150","150",56
"151","151",49
"152","152",46
"153","153",57
"154","154",51
"155","155",46
"156","156",47
"157","157",58
"158","158",38
"159","159",53
"160","160",50
"161","161",51
"162","162",46
"163","163",48
"164","164",45
"165","165",42
"166","166",38
"167","167",46
"168","168",44
"169","169",34
"170","170",43
"171","171",28
"172","172",49
"173","173",48
"174","174",34
"175","175",55
"176","176",43
"177","177",30
"178","178",37
"179","179",45
"180","180",39
"181","181",37
"182","182",44
"183","183",44
"184","184",33
"185","185",41
"186","186",42
"187","187",28
"188","188",37
"189","189",35
"190","190",43
"191","191",34
"192","192",43
"193","193",37
"194","194",31
"195","195",33
"196","196",34
"197","197",26
"198","198",32
"199","199",30
"200","200",31
"201","201",39
"202","202",32
"203","203",34
"204","204",34
"205","205",27
"206","206",35
"207","207",30
"208","208",27
"209","209",34
"210","210",31
"211","211",38
"212","212",39
"213","213",41
"214","214",25
"215","215",26
"216","216",32
"217","217",35
"218","218",31
"219","219",27
"220","220",27
"221","221",31
"222","222",36
"223","223",29
"224","224",28
"225","225",25
"226","226",23
"227","227",22
"228","228",25
"229","229",31
"230","230",32
"231","231",27
"232","232",24
"233","233",23
"234","234",26
"235","235",27
"236","236",26
"237","237",27
"238","238",18
"239","239",20
"240","240",28
"241","241",22
"242","242",21
"243","243",28
"244","244",21
"245","245",28
"246","246",14
"247","247",26
"248","248",23
"249","249",29
"250","250",26
"251","251",28
"252","252",31
"253","253",21
"254","254",19
"255","255",25
"256","256",19
"257","257",20
"258","258",20
"259","259",19
"260","260",21
"261","261",33
"262","262",15
"263","263",16
"264","264",14
"265","265",13
"266","266",19
"267","267",20
"268","268",14
"269","269",17
"270","270",19
"271","271",19
"272","272",20
"273","273",21
"274","274",23
"275","275",21
"276","276",28
"277","277",23
"278","278",20
"279","279",23
"280","280",12
"281","281",22
"282","282",24
"283","283",16
"284","284",16
"285","285",19
"286","286",17
"287","287",14
"288","288",20
"289","289",25
"290","290",18
"291","291",20
"292","292",23
"293","293",21
"294","294",19
"295","295",23
"296","296",18
"297","297",21
"298","298",20
"299","299",14
"300","300",20
"301","301",18
"302","302",20
"303","303",12
"304","304",8
"305","305",16
"306","306",12
"307","307",21
"308","308",17
"309","309",17
"310","310",15
"311","311",15
"312","312",23
"313","313",21
"314","314",16
"315","315",13
"316","316",15
"317","317",22
"318","318",19
"319","319",23
"320","320",14
"321","321",18
"322","322",14
"323","323",15
"324","324",17
"325","325",15
"326","326",20
"327","327",14
"328","328",15
"329","329",19
"330","330",15
"331","331",20
"332","332",21
"333","333",19
"334","334",14
"335","335",14
"336","336",16
"337","337",11
"338","338",13
"339","339",17
"340","340",16
"341","341",10
"342","342",15
"343","343",11
"344","344",13
"345","345",14
"346","346",10
"347","347",18
"348","348",15
"349","349",19
"350","350",10
"351","351",6
"352","352",13
"353","353",19
"354","354",12
"355","355",9
"356","356",9
"357","357",19
"358","358",12
"359","359",16
"360","360",11
"361","361",23
"362","362",11
"363","363",16
"364","364",8
"365","365",14
"366","366",17
"367","367",16
"368","368",7
"369","369",16
"370","370",12
"371","371",12
"372","372",11
"373","373",16
"374","374",15
"375","375",13
"376","376",15
"377","377",12
"378","378",8
"379","379",13
"380","380",12
"381","381",13
"382","382",17
"383","383",11
"384","384",12
"385","385",14
"386","386",6
"387","387",19
"388","388",8
"389","389",13
"390","390",12
"391","391",19
"392","392",6
"393","393",15
"394","394",11
"395","395",8
"396","396",23
"397","397",9
"398","398",15
"399","399",11
"400","400",8
"401","401",12
"402","402",13
"403","403",16
"404","404",19
"405","405",9
"406","406",4
"407","407",14
"408","408",10
"409","409",9
"410","410",9
"411","411",13
"412","412",8
"413","413",13
"414","414",16
"415","415",11
"416","416",11
"417","417",12
"418","418",12
"419","419",16
"420","420",14
"421","421",13
"422","422",6
"423","423",11
"424","424",16
"425","425",15
"426","426",6
"427","427",13
"428","428",8
"429","429",15
"430","430",10
"431","431",5
"432","432",12
"433","433",9
"434","434",7
"435","435",10
"436","436",13
"437","437",12
"438","438",7
"439","439",12
"440","440",13
"441","441",10
"442","442",6
"443","443",5
"444","444",10
"445","445",10
"446","446",7
"447","447",12
"448","448",10
"449","449",1
"450","450",9
"451","451",8
"452","452",9
"453","453",11
"454","454",8
"455","455",10
"456","456",7
"457","457",13
"458","458",7
"459","459",12
"460","460",8
"461","461",7
"462","462",7
"463","463",11
"464","464",6
"465","465",8
"466","466",13
"467","467",9
"468","468",12
"469","469",10
"470","470",12
"471","471",8
"472","472",9
"473","473",10
"474","474",3
"475","475",6
"476","476",8
"477","477",8
"478","478",7
"479","479",3
"480","480",9
"481","481",8
"482","482",8
"483","483",8
"484","484",9
"485","485",5
"486","486",5
"487","487",7
"488","488",11
"489","489",11
"490","490",16
"491","491",5
"492","492",5
"493","493",8
"494","494",5
"495","495",8
"496","496",9
"497","497",7
"498","498",10
"499","499",11
"500","500",10
"501","501",5
"502","502",15
"503","503",11
"504","504",4
"505","505",3
"506","506",12
"507","507",6
"508","508",7
"509","509",10
"510","510",5
"511","511",12
"512","512",12
"513","513",5
"514","514",8
"515","515",9
"516","516",7
"517","517",7
"518","518",10
"519","519",1
"520","520",3
"521","521",7
"522","522",3
"523","523",4
"524","524",9
"525","525",12
"526","526",5
"527","527",12
"528","528",8
"529","529",7
"530","530",13
"531","531",6
"532","532",12
"533","533",6
"534","534",9
"535","535",6
"536","536",7
"537","537",5
"538","538",5
"539","539",12
"540","540",13
"541","541",6
"542","542",7
"543","543",15
"544","544",8
"545","545",7
"546","546",4
"547","547",8
"548","548",5
"549","549",6
"550","550",4
"551","551",8
"552","552",6
"553","553",4
"554","554",5
"555","555",10
"556","556",7
"557","557",5
"558","558",8
"559","559",1
"560","560",3
"561","561",5
"562","562",4
"563","563",6
"564","564",12
"565","565",4
"566","566",5
"567","567",7
"568","568",5
"569","569",11
"570","570",9
"571","571",6
"572","572",13
"573","573",8
"574","574",2
"575","575",7
"576","576",4
"577","577",4
"578","578",8
"579","579",8
"580","580",7
"581","581",7
"582","582",6
"583","583",7
"584","584",7
"585","585",5
"586","586",3
"587","587",10
"588","588",7
"589","589",8
"590","590",7
"591","591",5
"592","592",5
"593","593",7
"594","594",8
"595","595",3
"596","596",9
"597","597",11
"598","598",1
"599","599",5
"600","600",14
"601","601",4
"602","602",5
"603","603",3
"604","604",4
"605","605",1
"606","606",5
"607","607",7
"608","608",9
"609","609",5
"610","610",9
"611","611",9
"612","612",4
"613","613",5
"614","614",9
"615","615",5
"616","616",6
"617","617",10
"618","618",6
"619","619",4
"620","620",5
"621","621",9
"622","622",3
"623","623",4
"624","624",9
"625","625",2
"626","626",7
"627","627",7
"628","628",1
"629","629",4
"630","630",5
"631","631",4
"632","632",8
"633","633",8
"634","634",6
"635","636",6
"636","637",4
"637","638",8
"638","639",12
"639","640",5
"640","641",4
"641","642",5
"642","643",5
"643","644",3
"644","645",4
"645","646",7
"646","647",6
"647","648",4
"648","649",7
"649","650",8
"650","651",6
"651","652",3
"652","653",6
"653","654",4
"654","655",5
"655","656",2
"656","657",3
"657","658",6
"658","659",2
"659","660",1
"660","661",5
"661","662",3
"662","663",6
"663","664",5
"664","665",3
"665","666",4
"666","667",6
"667","668",3
"668","669",3
"669","670",5
"670","671",4
"671","672",4
"672","673",7
"673","674",3
"674","675",4
"675","676",2
"676","678",3
"677","679",6
"678","680",8
"679","681",3
"680","682",3
"681","683",3
"682","684",6
"683","685",7
"684","686",4
"685","687",7
"686","688",6
"687","689",3
"688","690",2
"689","691",2
"690","692",1
"691","693",5
"692","694",7
"693","695",4
"694","696",3
"695","697",6
"696","698",4
"697","699",5
"698","700",3
"699","701",1
"700","702",4
"701","703",7
"702","704",1
"703","705",5
"704","706",9
"705","707",6
"706","708",4
"707","709",9
"708","710",4
"709","711",5
"710","712",3
"711","713",3
"712","714",5
"713","716",8
"714","717",5
"715","718",6
"716","719",5
"717","720",5
"718","721",5
"719","722",5
"720","723",8
"721","724",13
"722","725",3
"723","726",4
"724","727",5
"725","728",4
"726","729",6
"727","730",9
"728","731",2
"729","732",3
"730","733",6
"731","734",8
"732","735",4
"733","736",7
"734","737",2
"735","738",3
"736","739",4
"737","740",2
"738","741",2
"739","742",3
"740","743",3
"741","744",3
"742","745",6
"743","746",1
"744","747",3
"745","748",4
"746","749",5
"747","750",5
"748","751",5
"749","752",4
"750","753",6
"751","754",1
"752","755",3
"753","756",6
"754","757",8
"755","758",2
"756","759",4
"757","760",7
"758","761",3
"759","762",3
"760","763",2
"761","764",2
"762","765",3
"763","766",6
"764","767",3
"765","768",4
"766","769",8
"767","770",6
"768","771",1
"769","772",3
"770","773",5
"771","774",7
"772","775",3
"773","776",7
"774","777",1
"775","778",1
"776","779",3
"777","780",6
"778","781",6
"779","782",2
"780","783",3
"781","784",2
"782","785",2
"783","786",6
"784","787",4
"785","788",3
"786","789",3
"787","790",3
"788","791",1
"789","792",2
"790","793",6
"791","794",4
"792","795",1
"793","796",3
"794","797",1
"795","798",2
"796","799",10
"797","800",4
"798","801",2
"799","802",5
"800","803",2
"801","804",2
"802","805",4
"803","806",8
"804","807",3
"805","808",4
"806","809",5
"807","810",2
"808","811",8
"809","812",3
"810","813",1
"811","814",2
"812","815",4
"813","816",4
"814","817",5
"815","818",1
"816","819",3
"817","820",7
"818","821",8
"819","822",3
"820","823",1
"821","824",4
"822","825",7
"823","826",2
"824","827",1
"825","828",3
"826","829",2
"827","830",1
"828","831",7
"829","832",3
"830","833",2
"831","834",4
"832","835",1
"833","836",3
"834","837",3
"835","838",2
"836","839",2
"837","840",2
"838","841",1
"839","842",4
"840","843",3
"841","844",3
"842","845",5
"843","846",2
"844","847",3
"845","848",7
"846","849",4
"847","850",1
"848","851",3
"849","852",6
"850","853",3
"851","854",3
"852","855",5
"853","856",3
"854","857",2
"855","858",5
"856","859",6
"857","860",1
"858","861",3
"859","862",5
"860","863",2
"861","864",4
"862","865",1
"863","866",3
"864","867",3
"865","868",1
"866","869",6
"867","870",4
"868","871",1
"869","872",2
"870","873",3
"871","874",4
"872","876",2
"873","877",1
"874","878",3
"875","879",6
"876","880",6
"877","881",3
"878","882",2
"879","883",3
"880","884",2
"881","885",3
"882","886",7
"883","887",5
"884","888",4
"885","889",3
"886","890",3
"887","891",6
"888","892",6
"889","893",4
"890","894",4
"891","895",1
"892","896",2
"893","897",7
"894","898",3
"895","899",2
"896","900",4
"897","901",5
"898","902",4
"899","903",6
"900","904",1
"901","905",2
"902","906",1
"903","907",5
"904","908",4
"905","909",1
"906","910",7
"907","911",3
"908","912",7
"909","913",4
"910","915",3
"911","916",6
"912","917",1
"913","918",5
"914","919",4
"915","920",6
"916","921",3
"917","922",1
"918","923",2
"919","924",1
"920","925",4
"921","926",5
"922","927",1
"923","928",1
"924","929",1
"925","930",1
"926","931",2
"927","932",2
"928","933",6
"929","934",4
"930","935",2
"931","937",2
"932","938",2
"933","939",4
"934","941",3
"935","942",3
"936","943",4
"937","944",3
"938","945",5
"939","946",1
"940","947",3
"941","949",2
"942","950",4
"943","951",3
"944","952",1
"945","953",6
"946","954",3
"947","955",4
"948","956",2
"949","957",2
"950","958",4
"951","959",5
"952","960",3
"953","961",4
"954","962",1
"955","963",2
"956","964",2
"957","965",2
"958","966",2
"959","967",4
"960","968",2
"961","969",4
"962","970",1
"963","971",5
"964","972",4
"965","973",2
"966","974",5
"967","975",2
"968","976",2
"969","977",6
"970","978",4
"971","979",2
"972","980",5
"973","981",3
"974","982",4
"975","985",2
"976","986",5
"977","987",4
"978","988",5
"979","989",5
"980","990",5
"981","991",1
"982","992",2
"983","993",5
"984","994",1
"985","995",3
"986","996",2
"987","997",3
"988","998",1
"989","999",2
"990","1000",3
"991","1001",2
"992","1002",3
"993","1003",2
"994","1005",1
"995","1006",3
"996","1008",2
"997","1009",1
"998","1010",3
"999","1013",3
"1000","1014",7
"1001","1015",1
"1002","1016",3
"1003","1017",4
"1004","1018",2
"1005","1019",2
"1006","1020",3
"1007","1021",2
"1008","1022",3
"1009","1023",6
"1010","1024",1
"1011","1025",2
"1012","1026",2
"1013","1027",1
"1014","1028",1
"1015","1029",4
"1016","1030",2
"1017","1031",3
"1018","1032",3
"1019","1033",1
"1020","1034",4
"1021","1035",1
"1022","1036",1
"1023","1037",4
"1024","1038",2
"1025","1040",2
"1026","1041",2
"1027","1042",4
"1028","1043",4
"1029","1044",3
"1030","1045",4
"1031","1046",1
"1032","1047",2
"1033","1049",1
"1034","1050",1
"1035","1051",1
"1036","1053",5
"1037","1054",2
"1038","1055",3
"1039","1056",2
"1040","1057",1
"1041","1058",2
"1042","1059",1
"1043","1060",5
"1044","1061",2
"1045","1062",4
"1046","1063",2
"1047","1064",2
"1048","1065",2
"1049","1066",2
"1050","1067",4
"1051","1068",4
"1052","1069",1
"1053","1070",3
"1054","1071",4
"1055","1072",2
"1056","1074",1
"1057","1075",3
"1058","1076",2
"1059","1077",2
"1060","1078",4
"1061","1079",2
"1062","1080",4
"1063","1081",4
"1064","1082",1
"1065","1083",2
"1066","1084",3
"1067","1085",1
"1068","1086",3
"1069","1087",4
"1070","1091",6
"1071","1092",1
"1072","1093",1
"1073","1094",3
"1074","1095",2
"1075","1096",3
"1076","1097",2
"1077","1098",4
"1078","1099",1
"1079","1100",2
"1080","1102",3
"1081","1103",2
"1082","1104",3
"1083","1105",4
"1084","1106",4
"1085","1107",3
"1086","1108",1
"1087","1109",2
"1088","1110",1
"1089","1111",1
"1090","1112",1
"1091","1113",1
"1092","1114",1
"1093","1115",4
"1094","1116",1
"1095","1118",2
"1096","1119",1
"1097","1120",1
"1098","1121",1
"1099","1123",3
"1100","1124",2
"1101","1125",3
"1102","1126",2
"1103","1127",4
"1104","1128",2
"1105","1129",1
"1106","1130",4
"1107","1131",1
"1108","1133",2
"1109","1134",2
"1110","1135",5
"1111","1136",2
"1112","1137",3
"1113","1138",4
"1114","1139",2
"1115","1140",4
"1116","1141",4
"1117","1142",2
"1118","1144",1
"1119","1145",1
"1120","1147",2
"1121","1148",4
"1122","1149",2
"1123","1150",2
"1124","1151",3
"1125","1152",3
"1126","1153",2
"1127","1155",2
"1128","1156",3
"1129","1157",1
"1130","1158",1
"1131","1159",3
"1132","1160",3
"1133","1161",1
"1134","1162",1
"1135","1163",2
"1136","1165",1
"1137","1166",3
"1138","1168",2
"1139","1169",3
"1140","1170",2
"1141","1171",1
"1142","1172",2
"1143","1173",2
"1144","1174",1
"1145","1175",1
"1146","1177",1
"1147","1178",5
"1148","1179",1
"1149","1180",1
"1150","1181",1
"1151","1183",2
"1152","1184",1
"1153","1185",3
"1154","1186",1
"1155","1187",1
"1156","1188",1
"1157","1190",3
"1158","1191",4
"1159","1192",7
"1160","1193",2
"1161","1194",2
"1162","1195",2
"1163","1196",2
"1164","1197",3
"1165","1199",2
"1166","1200",3
"1167","1201",3
"1168","1202",1
"1169","1203",2
"1170","1204",2
"1171","1205",2
"1172","1206",3
"1173","1209",2
"1174","1210",3
"1175","1211",4
"1176","1213",1
"1177","1214",1
"1178","1215",2
"1179","1216",2
"1180","1217",3
"1181","1219",4
"1182","1220",2
"1183","1222",3
"1184","1223",3
"1185","1224",3
"1186","1225",3
"1187","1226",3
"1188","1228",2
"1189","1229",2
"1190","1231",3
"1191","1232",1
"1192","1234",2
"1193","1236",3
"1194","1237",5
"1195","1238",1
"1196","1239",2
"1197","1240",2
"1198","1241",3
"1199","1243",2
"1200","1244",4
"1201","1245",3
"1202","1246",2
"1203","1247",2
"1204","1248",1
"1205","1249",3
"1206","1250",1
"1207","1251",1
"1208","1252",2
"1209","1254",1
"1210","1255",1
"1211","1256",4
"1212","1257",1
"1213","1258",3
"1214","1260",1
"1215","1261",1
"1216","1262",2
"1217","1263",1
"1218","1264",1
"1219","1265",2
"1220","1266",1
"1221","1267",1
"1222","1268",2
"1223","1269",1
"1224","1270",3
"1225","1273",3
"1226","1274",1
"1227","1275",4
"1228","1276",1
"1229","1277",3
"1230","1278",2
"1231","1279",3
"1232","1281",1
"1233","1282",2
"1234","1283",1
"1235","1284",3
"1236","1286",2
"1237","1287",1
"1238","1288",2
"1239","1289",4
"1240","1290",8
"1241","1291",2
"1242","1292",1
"1243","1293",1
"1244","1295",2
"1245","1296",1
"1246","1297",1
"1247","1299",1
"1248","1301",2
"1249","1302",1
"1250","1303",3
"1251","1304",4
"1252","1305",3
"1253","1306",2
"1254","1307",1
"1255","1308",2
"1256","1310",1
"1257","1312",1
"1258","1313",1
"1259","1315",2
"1260","1316",2
"1261","1317",2
"1262","1318",3
"1263","1319",1
"1264","1320",1
"1265","1321",2
"1266","1323",2
"1267","1324",3
"1268","1325",1
"1269","1326",1
"1270","1327",3
"1271","1328",2
"1272","1329",2
"1273","1331",3
"1274","1333",1
"1275","1334",1
"1276","1336",2
"1277","1337",2
"1278","1338",3
"1279","1340",1
"1280","1341",3
"1281","1342",1
"1282","1343",1
"1283","1344",1
"1284","1345",3
"1285","1346",5
"1286","1347",2
"1287","1348",1
"1288","1349",1
"1289","1350",1
"1290","1351",1
"1291","1353",1
"1292","1355",2
"1293","1356",1
"1294","1357",1
"1295","1358",3
"1296","1359",1
"1297","1361",1
"1298","1362",1
"1299","1363",1
"1300","1364",2
"1301","1367",1
"1302","1368",1
"1303","1369",2
"1304","1370",2
"1305","1372",2
"1306","1374",1
"1307","1375",2
"1308","1376",2
"1309","1377",4
"1310","1378",1
"1311","1380",1
"1312","1381",2
"1313","1382",1
"1314","1383",2
"1315","1384",1
"1316","1385",2
"1317","1386",3
"1318","1387",5
"1319","1389",2
"1320","1390",2
"1321","1391",2
"1322","1392",2
"1323","1393",1
"1324","1394",3
"1325","1395",2
"1326","1396",1
"1327","1398",5
"1328","1399",1
"1329","1400",1
"1330","1401",3
"1331","1402",1
"1332","1403",1
"1333","1404",1
"1334","1406",2
"1335","1409",1
"1336","1410",3
"1337","1411",6
"1338","1412",3
"1339","1414",2
"1340","1416",1
"1341","1417",1
"1342","1418",1
"1343","1419",3
"1344","1420",2
"1345","1421",1
"1346","1422",3
"1347","1423",1
"1348","1424",1
"1349","1425",1
"1350","1426",1
"1351","1428",3
"1352","1429",3
"1353","1432",2
"1354","1433",2
"1355","1434",2
"1356","1435",2
"1357","1437",2
"1358","1438",2
"1359","1439",5
"1360","1440",2
"1361","1441",1
"1362","1444",2
"1363","1445",1
"1364","1446",1
"1365","1447",1
"1366","1448",1
"1367","1449",2
"1368","1451",2
"1369","1452",1
"1370","1456",1
"1371","1462",1
"1372","1463",2
"1373","1464",1
"1374","1465",1
"1375","1467",1
"1376","1468",2
"1377","1469",3
"1378","1470",1
"1379","1471",1
"1380","1472",3
"1381","1473",1
"1382","1474",1
"1383","1475",2
"1384","1478",1
"1385","1481",3
"1386","1482",2
"1387","1483",2
"1388","1484",2
"1389","1485",1
"1390","1486",2
"1391","1487",2
"1392","1488",4
"1393","1489",1
"1394","1491",1
"1395","1493",1
"1396","1494",1
"1397","1495",2
"1398","1496",2
"1399","1497",1
"1400","1499",1
"1401","1500",2
"1402","1501",1
"1403","1502",3
"1404","1503",1
"1405","1504",2
"1406","1505",2
"1407","1506",2
"1408","1507",1
"1409","1508",1
"1410","1509",1
"1411","1511",1
"1412","1512",3
"1413","1513",1
"1414","1515",1
"1415","1517",2
"1416","1518",5
"1417","1519",1
"1418","1520",2
"1419","1521",1
"1420","1524",1
"1421","1526",1
"1422","1527",1
"1423","1528",1
"1424","1529",2
"1425","1530",1
"1426","1532",4
"1427","1534",1
"1428","1535",1
"1429","1536",4
"1430","1537",2
"1431","1538",2
"1432","1539",1
"1433","1540",1
"1434","1541",1
"1435","1542",2
"1436","1543",2
"1437","1544",1
"1438","1545",1
"1439","1546",1
"1440","1547",1
"1441","1548",4
"1442","1550",1
"1443","1553",2
"1444","1554",1
"1445","1557",4
"1446","1558",2
"1447","1560",1
"1448","1561",3
"1449","1562",2
"1450","1563",1
"1451","1564",2
"1452","1565",1
"1453","1566",1
"1454","1567",1
"1455","1568",1
"1456","1572",3
"1457","1573",2
"1458","1574",1
"1459","1575",2
"1460","1576",2
"1461","1577",1
"1462","1578",1
"1463","1582",2
"1464","1583",2
"1465","1584",1
"1466","1586",1
"1467","1587",1
"1468","1588",1
"1469","1590",2
"1470","1591",3
"1471","1592",1
"1472","1593",2
"1473","1594",2
"1474","1595",2
"1475","1596",1
"1476","1598",1
"1477","1599",2
"1478","1600",2
"1479","1601",2
"1480","1602",1
"1481","1604",2
"1482","1606",2
"1483","1610",1
"1484","1613",1
"1485","1614",2
"1486","1615",2
"1487","1616",1
"1488","1618",2
"1489","1619",2
"1490","1620",1
"1491","1623",1
"1492","1624",1
"1493","1627",3
"1494","1629",1
"1495","1631",1
"1496","1632",2
"1497","1633",3
"1498","1634",3
"1499","1635",2
"1500","1636",2
"1501","1637",1
"1502","1639",1
"1503","1642",1
"1504","1643",1
"1505","1644",1
"1506","1645",1
"1507","1646",2
"1508","1650",4
"1509","1653",1
"1510","1654",2
"1511","1655",2
"1512","1656",1
"1513","1657",1
"1514","1658",2
"1515","1659",2
"1516","1662",2
"1517","1663",1
"1518","1664",3
"1519","1667",2
"1520","1668",1
"1521","1669",2
"1522","1670",1
"1523","1671",1
"1524","1674",2
"1525","1676",2
"1526","1677",2
"1527","1679",2
"1528","1681",1
"1529","1682",1
"1530","1683",1
"1531","1685",1
"1532","1686",1
"1533","1687",1
"1534","1688",2
"1535","1690",2
"1536","1691",1
"1537","1692",1
"1538","1696",2
"1539","1697",3
"1540","1698",1
"1541","1699",1
"1542","1702",3
"1543","1703",1
"1544","1704",4
"1545","1705",2
"1546","1706",1
"1547","1707",2
"1548","1708",1
"1549","1711",1
"1550","1712",3
"1551","1713",1
"1552","1714",1
"1553","1716",1
"1554","1718",2
"1555","1719",1
"1556","1722",1
"1557","1723",1
"1558","1724",2
"1559","1725",2
"1560","1726",1
"1561","1727",1
"1562","1728",2
"1563","1729",2
"1564","1730",2
"1565","1732",1
"1566","1733",1
"1567","1734",1
"1568","1735",2
"1569","1737",3
"1570","1738",1
"1571","1739",1
"1572","1740",1
"1573","1742",2
"1574","1744",3
"1575","1746",1
"1576","1747",1
"1577","1748",1
"1578","1749",2
"1579","1750",1
"1580","1752",1
"1581","1754",1
"1582","1756",1
"1583","1757",1
"1584","1759",1
"1585","1760",1
"1586","1761",2
"1587","1762",1
"1588","1764",3
"1589","1765",1
"1590","1767",1
"1591","1768",1
"1592","1769",1
"1593","1771",1
"1594","1772",2
"1595","1773",1
"1596","1776",1
"1597","1777",2
"1598","1778",2
"1599","1780",2
"1600","1781",2
"1601","1783",1
"1602","1784",1
"1603","1788",2
"1604","1789",2
"1605","1792",1
"1606","1793",2
"1607","1794",3
"1608","1795",4
"1609","1798",3
"1610","1799",1
"1611","1802",3
"1612","1803",2
"1613","1806",1
"1614","1807",2
"1615","1808",1
"1616","1809",1
"1617","1811",1
"1618","1813",2
"1619","1814",1
"1620","1815",1
"1621","1816",2
"1622","1817",2
"1623","1819",2
"1624","1820",1
"1625","1823",3
"1626","1824",2
"1627","1825",2
"1628","1826",1
"1629","1828",1
"1630","1832",3
"1631","1833",1
"1632","1834",1
"1633","1835",1
"1634","1836",1
"1635","1840",1
"1636","1841",1
"1637","1842",2
"1638","1843",2
"1639","1845",1
"1640","1849",1
"1641","1851",1
"1642","1852",2
"1643","1854",3
"1644","1857",1
"1645","1858",2
"1646","1859",2
"1647","1862",1
"1648","1863",1
"1649","1864",1
"1650","1866",1
"1651","1867",2
"1652","1868",1
"1653","1869",1
"1654","1870",1
"1655","1874",2
"1656","1878",1
"1657","1879",1
"1658","1883",1
"1659","1884",1
"1660","1886",1
"1661","1888",2
"1662","1893",1
"1663","1894",2
"1664","1895",1
"1665","1897",1
"1666","1899",1
"1667","1901",2
"1668","1903",1
"1669","1904",1
"1670","1905",1
"1671","1906",1
"1672","1907",2
"1673","1910",2
"1674","1912",1
"1675","1913",2
"1676","1917",2
"1677","1919",2
"1678","1921",1
"1679","1922",2
"1680","1923",1
"1681","1924",1
"1682","1925",1
"1683","1926",2
"1684","1928",2
"1685","1930",1
"1686","1932",3
"1687","1935",2
"1688","1936",1
"1689","1937",3
"1690","1938",2
"1691","1939",3
"1692","1941",1
"1693","1943",2
"1694","1946",2
"1695","1947",2
"1696","1948",1
"1697","1951",1
"1698","1952",2
"1699","1954",2
"1700","1955",2
"1701","1957",4
"1702","1958",2
"1703","1959",2
"1704","1961",1
"1705","1963",1
"1706","1964",2
"1707","1965",1
"1708","1967",1
"1709","1969",1
"1710","1972",3
"1711","1975",1
"1712","1976",1
"1713","1977",2
"1714","1978",1
"1715","1979",1
"1716","1980",1
"1717","1982",2
"1718","1985",1
"1719","1989",1
"1720","1991",4
"1721","1992",2
"1722","1994",2
"1723","1997",1
"1724","1998",1
"1725","2000",1
"1726","2001",1
"1727","2005",1
"1728","2011",2
"1729","2016",1
"1730","2018",1
"1731","2019",3
"1732","2020",3
"1733","2021",1
"1734","2022",1
"1735","2024",1
"1736","2028",1
"1737","2029",2
"1738","2030",1
"1739","2031",1
"1740","2034",1
"1741","2039",1
"1742","2040",1
"1743","2043",1
"1744","2044",1
"1745","2045",1
"1746","2046",2
"1747","2048",1
"1748","2055",1
"1749","2057",1
"1750","2058",1
"1751","2059",1
"1752","2061",1
"1753","2065",1
"1754","2066",1
"1755","2067",2
"1756","2069",1
"1757","2071",2
"1758","2072",1
"1759","2074",1
"1760","2077",1
"1761","2078",1
"1762","2079",1
"1763","2080",1
"1764","2082",1
"1765","2087",1
"1766","2088",1
"1767","2090",1
"1768","2092",1
"1769","2094",2
"1770","2098",1
"1771","2099",1
"1772","2100",1
"1773","2101",2
"1774","2103",1
"1775","2104",1
"1776","2105",1
"1777","2106",1
"1778","2111",1
"1779","2114",3
"1780","2116",1
"1781","2117",3
"1782","2121",1
"1783","2122",1
"1784","2123",2
"1785","2125",1
"1786","2126",2
"1787","2127",2
"1788","2131",1
"1789","2132",1
"1790","2134",1
"1791","2135",1
"1792","2137",1
"1793","2138",1
"1794","2140",3
"1795","2142",2
"1796","2145",3
"1797","2147",1
"1798","2149",1
"1799","2150",2
"1800","2151",1
"1801","2152",1
"1802","2160",1
"1803","2161",1
"1804","2162",1
"1805","2163",1
"1806","2164",1
"1807","2165",1
"1808","2166",1
"1809","2167",2
"1810","2169",1
"1811","2170",1
"1812","2172",3
"1813","2173",1
"1814","2174",2
"1815","2175",1
"1816","2176",1
"1817","2178",2
"1818","2179",1
"1819","2180",1
"1820","2183",1
"1821","2185",1
"1822","2187",3
"1823","2188",1
"1824","2189",2
"1825","2190",1
"1826","2193",1
"1827","2196",1
"1828","2198",1
"1829","2200",2
"1830","2203",2
"1831","2204",1
"1832","2206",2
"1833","2207",1
"1834","2208",1
"1835","2209",1
"1836","2211",3
"1837","2212",1
"1838","2214",1
"1839","2217",1
"1840","2218",1
"1841","2219",1
"1842","2220",2
"1843","2221",1
"1844","2225",1
"1845","2227",1
"1846","2229",1
"1847","2230",1
"1848","2231",1
"1849","2233",1
"1850","2238",1
"1851","2240",2
"1852","2241",1
"1853","2242",1
"1854","2247",1
"1855","2249",1
"1856","2252",2
"1857","2258",2
"1858","2261",1
"1859","2264",1
"1860","2265",1
"1861","2266",1
"1862","2269",1
"1863","2270",1
"1864","2271",1
"1865","2272",1
"1866","2273",1
"1867","2274",1
"1868","2275",1
"1869","2276",1
"1870","2277",1
"1871","2282",1
"1872","2284",1
"1873","2285",1
"1874","2286",1
"1875","2287",1
"1876","2290",1
"1877","2291",4
"1878","2293",1
"1879","2294",1
"1880","2296",1
"1881","2299",1
"1882","2301",2
"1883","2303",1
"1884","2304",1
"1885","2306",1
"1886","2307",2
"1887","2308",1
"1888","2309",1
"1889","2313",2
"1890","2314",1
"1891","2315",1
"1892","2319",1
"1893","2322",2
"1894","2324",1
"1895","2325",3
"1896","2326",2
"1897","2327",1
"1898","2328",1
"1899","2332",1
"1900","2333",1
"1901","2334",1
"1902","2338",1
"1903","2344",1
"1904","2345",1
"1905","2347",3
"1906","2348",1
"1907","2353",1
"1908","2356",1
"1909","2357",1
"1910","2358",2
"1911","2359",1
"1912","2365",2
"1913","2369",1
"1914","2370",1
"1915","2372",1
"1916","2374",1
"1917","2377",1
"1918","2382",2
"1919","2384",1
"1920","2385",1
"1921","2386",1
"1922","2387",1
"1923","2388",3
"1924","2389",1
"1925","2393",1
"1926","2394",2
"1927","2395",1
"1928","2400",1
"1929","2403",1
"1930","2404",2
"1931","2407",1
"1932","2411",1
"1933","2415",2
"1934","2416",1
"1935","2418",2
"1936","2419",1
"1937","2421",1
"1938","2427",1
"1939","2431",1
"1940","2433",3
"1941","2435",1
"1942","2437",1
"1943","2439",1
"1944","2444",4
"1945","2450",2
"1946","2451",1
"1947","2452",1
"1948","2456",1
"1949","2457",2
"1950","2458",1
"1951","2461",1
"1952","2462",1
"1953","2463",1
"1954","2465",2
"1955","2466",2
"1956","2467",1
"1957","2469",1
"1958","2471",2
"1959","2474",2
"1960","2475",1
"1961","2477",1
"1962","2482",1
"1963","2483",1
"1964","2485",1
"1965","2486",1
"1966","2488",1
"1967","2495",1
"1968","2498",1
"1969","2500",1
"1970","2502",2
"1971","2503",1
"1972","2510",1
"1973","2511",1
"1974","2512",1
"1975","2515",2
"1976","2516",1
"1977","2517",1
"1978","2520",1
"1979","2523",1
"1980","2527",1
"1981","2531",1
"1982","2532",1
"1983","2533",1
"1984","2534",1
"1985","2539",1
"1986","2540",1
"1987","2541",1
"1988","2542",1
"1989","2544",1
"1990","2546",1
"1991","2547",1
"1992","2549",1
"1993","2552",2
"1994","2556",1
"1995","2561",2
"1996","2563",4
"1997","2564",1
"1998","2566",1
"1999","2569",1
"2000","2570",1
"2001","2573",1
"2002","2574",1
"2003","2576",1
"2004","2577",1
"2005","2579",1
"2006","2580",1
"2007","2585",1
"2008","2586",2
"2009","2587",2
"2010","2588",1
"2011","2589",2
"2012","2590",1
"2013","2591",1
"2014","2594",2
"2015","2599",2
"2016","2600",1
"2017","2604",1
"2018","2605",1
"2019","2607",1
"2020","2608",1
"2021","2609",1
"2022","2611",1
"2023","2612",1
"2024","2615",1
"2025","2616",2
"2026","2617",1
"2027","2619",1
"2028","2623",1
"2029","2624",1
"2030","2627",1
"2031","2628",2
"2032","2629",3
"2033","2630",2
"2034","2632",1
"2035","2633",1
"2036","2636",2
"2037","2638",2
"2038","2642",1
"2039","2643",1
"2040","2646",1
"2041","2647",1
"2042","2650",1
"2043","2652",1
"2044","2655",1
"2045","2658",2
"2046","2660",1
"2047","2662",1
"2048","2663",1
"2049","2665",1
"2050","2668",1
"2051","2671",1
"2052","2678",1
"2053","2685",1
"2054","2691",1
"2055","2693",1
"2056","2694",1
"2057","2696",1
"2058","2698",1
"2059","2707",1
"2060","2708",2
"2061","2709",1
"2062","2712",1
"2063","2714",1
"2064","2716",1
"2065","2723",1
"2066","2724",1
"2067","2727",1
"2068","2728",1
"2069","2731",1
"2070","2732",2
"2071","2733",1
"2072","2734",1
"2073","2735",1
"2074","2738",2
"2075","2739",1
"2076","2740",1
"2077","2741",1
"2078","2743",2
"2079","2744",1
"2080","2745",1
"2081","2746",2
"2082","2752",1
"2083","2759",1
"2084","2763",1
"2085","2764",1
"2086","2765",2
"2087","2772",1
"2088","2775",1
"2089","2776",1
"2090","2778",1
"2091","2784",1
"2092","2785",1
"2093","2786",2
"2094","2787",2
"2095","2790",2
"2096","2796",1
"2097","2801",3
"2098","2803",1
"2099","2806",1
"2100","2807",1
"2101","2809",1
"2102","2812",2
"2103","2813",1
"2104","2815",2
"2105","2816",1
"2106","2818",1
"2107","2819",1
"2108","2821",1
"2109","2823",1
"2110","2828",1
"2111","2829",1
"2112","2838",1
"2113","2842",2
"2114","2848",1
"2115","2849",3
"2116","2852",1
"2117","2855",2
"2118","2856",1
"2119","2857",1
"2120","2865",2
"2121","2867",1
"2122","2868",1
"2123","2873",1
"2124","2876",1
"2125","2883",3
"2126","2884",1
"2127","2886",1
"2128","2889",1
"2129","2890",2
"2130","2892",1
"2131","2893",1
"2132","2894",1
"2133","2896",1
"2134","2897",1
"2135","2898",1
"2136","2900",1
"2137","2902",1
"2138","2903",1
"2139","2907",1
"2140","2910",1
"2141","2911",1
"2142","2912",1
"2143","2914",2
"2144","2918",1
"2145","2926",1
"2146","2928",1
"2147","2934",2
"2148","2937",1
"2149","2939",1
"2150","2947",2
"2151","2948",2
"2152","2953",1
"2153","2958",1
"2154","2959",1
"2155","2960",1
"2156","2961",1
"2157","2962",1
"2158","2963",1
"2159","2967",1
"2160","2969",1
"2161","2974",1
"2162","2976",1
"2163","2982",1
"2164","2984",1
"2165","2985",1
"2166","2994",1
"2167","2995",2
"2168","2999",1
"2169","3001",1
"2170","3002",1
"2171","3003",1
"2172","3005",1
"2173","3007",2
"2174","3009",1
"2175","3015",1
"2176","3019",2
"2177","3020",1
"2178","3026",1
"2179","3027",1
"2180","3037",1
"2181","3040",1
"2182","3041",1
"2183","3043",1
"2184","3045",1
"2185","3046",1
"2186","3050",1
"2187","3053",1
"2188","3062",1
"2189","3065",1
"2190","3067",2
"2191","3072",1
"2192","3075",2
"2193","3089",1
"2194","3093",1
"2195","3094",1
"2196","3095",4
"2197","3096",2
"2198","3098",1
"2199","3099",1
"2200","3100",1
"2201","3104",1
"2202","3106",1
"2203","3110",1
"2204","3115",1
"2205","3116",1
"2206","3119",1
"2207","3120",1
"2208","3123",2
"2209","3129",1
"2210","3130",1
"2211","3132",1
"2212","3133",1
"2213","3138",1
"2214","3143",1
"2215","3151",1
"2216","3166",2
"2217","3168",1
"2218","3170",1
"2219","3173",1
"2220","3186",1
"2221","3187",1
"2222","3191",1
"2223","3195",1
"2224","3197",1
"2225","3202",1
"2226","3211",1
"2227","3212",1
"2228","3215",2
"2229","3216",1
"2230","3217",1
"2231","3220",2
"2232","3221",1
"2233","3225",1
"2234","3226",1
"2235","3239",1
"2236","3248",2
"2237","3250",2
"2238","3254",1
"2239","3258",1
"2240","3269",1
"2241","3271",1
"2242","3276",1
"2243","3277",1
"2244","3278",1
"2245","3280",1
"2246","3281",1
"2247","3283",1
"2248","3284",2
"2249","3286",1
"2250","3287",1
"2251","3296",1
"2252","3298",1
"2253","3300",1
"2254","3303",2
"2255","3312",1
"2256","3316",2
"2257","3317",1
"2258","3327",1
"2259","3336",2
"2260","3337",1
"2261","3345",1
"2262","3348",1
"2263","3352",1
"2264","3355",1
"2265","3359",1
"2266","3363",2
"2267","3373",2
"2268","3377",1
"2269","3379",1
"2270","3381",2
"2271","3382",1
"2272","3389",1
"2273","3393",1
"2274","3400",1
"2275","3404",1
"2276","3405",1
"2277","3410",1
"2278","3411",2
"2279","3416",1
"2280","3421",1
"2281","3422",2
"2282","3427",1
"2283","3437",1
"2284","3441",1
"2285","3443",1
"2286","3447",1
"2287","3451",1
"2288","3453",1
"2289","3455",2
"2290","3460",1
"2291","3461",2
"2292","3464",1
"2293","3465",2
"2294","3472",1
"2295","3474",1
"2296","3480",1
"2297","3482",2
"2298","3484",1
"2299","3491",1
"2300","3494",1
"2301","3496",1
"2302","3498",1
"2303","3499",1
"2304","3500",1
"2305","3502",1
"2306","3504",1
"2307","3509",1
"2308","3516",1
"2309","3520",1
"2310","3523",1
"2311","3525",1
"2312","3532",1
"2313","3538",2
"2314","3539",1
"2315","3540",1
"2316","3541",1
"2317","3547",1
"2318","3550",2
"2319","3555",2
"2320","3559",1
"2321","3560",1
"2322","3562",1
"2323","3566",1
"2324","3567",1
"2325","3568",1
"2326","3570",1
"2327","3572",1
"2328","3573",1
"2329","3582",1
"2330","3587",2
"2331","3591",1
"2332","3595",1
"2333","3602",1
"2334","3608",1
"2335","3615",1
"2336","3616",1
"2337","3618",1
"2338","3621",1
"2339","3624",2
"2340","3627",1
"2341","3629",1
"2342","3631",1
"2343","3633",1
"2344","3640",1
"2345","3643",1
"2346","3646",1
"2347","3652",2
"2348","3657",1
"2349","3659",1
"2350","3663",1
"2351","3664",1
"2352","3669",1
"2353","3673",1
"2354","3688",2
"2355","3691",1
"2356","3694",1
"2357","3697",1
"2358","3701",1
"2359","3702",1
"2360","3704",1
"2361","3712",1
"2362","3715",1
"2363","3718",1
"2364","3728",1
"2365","3730",1
"2366","3735",1
"2367","3744",1
"2368","3746",2
"2369","3750",1
"2370","3756",1
"2371","3762",1
"2372","3764",1
"2373","3772",3
"2374","3774",1
"2375","3777",1
"2376","3779",1
"2377","3781",1
"2378","3782",1
"2379","3783",1
"2380","3785",1
"2381","3793",1
"2382","3796",1
"2383","3801",1
"2384","3802",1
"2385","3804",1
"2386","3805",1
"2387","3810",1
"2388","3830",1
"2389","3833",1
"2390","3836",1
"2391","3840",1
"2392","3842",1
"2393","3844",3
"2394","3846",1
"2395","3850",1
"2396","3861",1
"2397","3862",1
"2398","3866",1
"2399","3872",1
"2400","3875",1
"2401","3876",1
"2402","3880",1
"2403","3886",1
"2404","3897",1
"2405","3904",1
"2406","3906",1
"2407","3907",1
"2408","3908",1
"2409","3909",1
"2410","3922",1
"2411","3926",1
"2412","3928",1
"2413","3942",1
"2414","3945",1
"2415","3962",1
"2416","3968",1
"2417","3974",1
"2418","3992",1
"2419","3993",1
"2420","3996",1
"2421","4002",2
"2422","4005",1
"2423","4011",2
"2424","4023",2
"2425","4040",1
"2426","4042",1
"2427","4044",1
"2428","4055",1
"2429","4056",1
"2430","4059",1
"2431","4066",1
"2432","4069",1
"2433","4070",2
"2434","4076",1
"2435","4082",1
"2436","4083",1
"2437","4085",1
"2438","4093",1
"2439","4096",1
"2440","4097",1
"2441","4118",1
"2442","4130",1
"2443","4137",1
"2444","4144",1
"2445","4146",2
"2446","4151",1
"2447","4152",1
"2448","4157",1
"2449","4160",1
"2450","4171",1
"2451","4173",1
"2452","4191",1
"2453","4201",1
"2454","4207",1
"2455","4211",1
"2456","4217",2
"2457","4229",1
"2458","4235",1
"2459","4236",1
"2460","4239",1
"2461","4245",1
"2462","4247",1
"2463","4255",1
"2464","4260",1
"2465","4261",1
"2466","4262",1
"2467","4267",1
"2468","4275",1
"2469","4280",1
"2470","4282",2
"2471","4286",1
"2472","4287",1
"2473","4291",1
"2474","4294",1
"2475","4296",1
"2476","4297",2
"2477","4298",1
"2478","4306",1
"2479","4308",1
"2480","4324",1
"2481","4330",3
"2482","4335",1
"2483","4338",2
"2484","4339",1
"2485","4340",1
"2486","4342",1
"2487","4354",1
"2488","4355",1
"2489","4361",1
"2490","4370",2
"2491","4371",1
"2492","4378",1
"2493","4379",1
"2494","4383",1
"2495","4384",1
"2496","4390",1
"2497","4392",1
"2498","4395",1
"2499","4403",1
"2500","4404",1
"2501","4421",1
"2502","4433",1
"2503","4436",1
"2504","4445",1
"2505","4447",1
"2506","4456",1
"2507","4460",1
"2508","4464",1
"2509","4470",1
"2510","4473",1
"2511","4480",1
"2512","4485",1
"2513","4486",2
"2514","4492",1
"2515","4496",1
"2516","4506",1
"2517","4509",1
"2518","4511",1
"2519","4513",1
"2520","4517",1
"2521","4524",1
"2522","4525",1
"2523","4530",2
"2524","4541",1
"2525","4545",1
"2526","4553",1
"2527","4555",1
"2528","4562",1
"2529","4582",1
"2530","4584",1
"2531","4588",1
"2532","4589",1
"2533","4604",1
"2534","4605",1
"2535","4607",1
"2536","4608",1
"2537","4609",1
"2538","4614",1
"2539","4619",1
"2540","4630",1
"2541","4632",1
"2542","4634",1
"2543","4645",2
"2544","4665",1
"2545","4674",1
"2546","4676",1
"2547","4677",1
"2548","4679",1
"2549","4684",1
"2550","4698",1
"2551","4699",1
"2552","4704",1
"2553","4707",1
"2554","4721",1
"2555","4723",1
"2556","4737",1
"2557","4745",1
"2558","4747",1
"2559","4760",1
"2560","4772",1
"2561","4777",1
"2562","4790",1
"2563","4791",1
"2564","4797",1
"2565","4801",1
"2566","4802",1
"2567","4804",1
"2568","4806",1
"2569","4807",2
"2570","4812",1
"2571","4817",1
"2572","4819",1
"2573","4823",1
"2574","4831",1
"2575","4832",1
"2576","4854",1
"2577","4856",1
"2578","4861",1
"2579","4864",2
"2580","4867",1
"2581","4871",1
"2582","4873",1
"2583","4891",1
"2584","4893",1
"2585","4895",1
"2586","4906",1
"2587","4908",1
"2588","4938",1
"2589","4941",1
"2590","4945",1
"2591","4948",1
"2592","4951",1
"2593","4955",1
"2594","4965",1
"2595","4971",1
"2596","4980",1
"2597","4986",1
"2598","4988",1
"2599","4996",1
"2600","5010",1
"2601","5014",1
"2602","5018",1
"2603","5024",1
"2604","5028",1
"2605","5039",1
"2606","5055",1
"2607","5065",1
"2608","5094",1
"2609","5100",1
"2610","5104",1
"2611","5114",2
"2612","5128",1
"2613","5141",1
"2614","5148",1
"2615","5156",1
"2616","5157",1
"2617","5159",1
"2618","5164",1
"2619","5183",1
"2620","5186",1
"2621","5196",1
"2622","5205",1
"2623","5207",1
"2624","5214",1
"2625","5235",1
"2626","5241",1
"2627","5255",1
"2628","5264",1
"2629","5268",1
"2630","5270",1
"2631","5271",1
"2632","5275",1
"2633","5287",1
"2634","5291",1
"2635","5293",1
"2636","5315",1
"2637","5321",1
"2638","5333",1
"2639","5349",1
"2640","5352",1
"2641","5360",1
"2642","5361",2
"2643","5373",1
"2644","5377",1
"2645","5384",1
"2646","5397",1
"2647","5408",1
"2648","5412",1
"2649","5423",1
"2650","5428",1
"2651","5439",1
"2652","5455",1
"2653","5458",1
"2654","5460",1
"2655","5464",1
"2656","5473",1
"2657","5478",1
"2658","5481",1
"2659","5482",1
"2660","5491",1
"2661","5493",1
"2662","5495",1
"2663","5496",1
"2664","5502",1
"2665","5511",1
"2666","5513",1
"2667","5516",1
"2668","5523",1
"2669","5537",1
"2670","5548",1
"2671","5552",1
"2672","5556",1
"2673","5562",1
"2674","5605",1
"2675","5613",1
"2676","5626",1
"2677","5633",1
"2678","5643",1
"2679","5648",1
"2680","5655",1
"2681","5662",1
"2682","5676",1
"2683","5677",1
"2684","5702",1
"2685","5714",1
"2686","5723",1
"2687","5726",1
"2688","5759",1
"2689","5774",1
"2690","5776",1
"2691","5781",1
"2692","5792",1
"2693","5797",1
"2694","5810",1
"2695","5826",1
"2696","5842",1
"2697","5845",1
"2698","5848",1
"2699","5855",1
"2700","5858",1
"2701","5866",1
"2702","5875",1
"2703","5877",1
"2704","5878",1
"2705","5882",1
"2706","5894",1
"2707","5899",1
"2708","5900",1
"2709","5934",1
"2710","5952",1
"2711","5957",1
"2712","5958",2
"2713","5972",1
"2714","5975",1
"2715","6002",1
"2716","6018",2
"2717","6022",1
"2718","6035",1
"2719","6046",1
"2720","6055",1
"2721","6058",1
"2722","6090",1
"2723","6094",1
"2724","6096",1
"2725","6103",1
"2726","6106",1
"2727","6118",1
"2728","6125",1
"2729","6134",1
"2730","6139",1
"2731","6145",1
"2732","6180",1
"2733","6204",1
"2734","6224",1
"2735","6234",1
"2736","6237",1
"2737","6243",2
"2738","6261",1
"2739","6279",1
"2740","6286",1
"2741","6294",1
"2742","6295",1
"2743","6320",1
"2744","6326",1
"2745","6339",1
"2746","6353",1
"2747","6370",1
"2748","6373",1
"2749","6403",1
"2750","6405",1
"2751","6410",1
"2752","6425",1
"2753","6438",1
"2754","6446",1
"2755","6447",1
"2756","6506",1
"2757","6511",1
"2758","6514",1
"2759","6516",1
"2760","6519",1
"2761","6527",1
"2762","6530",1
"2763","6538",1
"2764","6546",1
"2765","6560",1
"2766","6570",1
"2767","6573",1
"2768","6590",1
"2769","6594",1
"2770","6596",1
"2771","6617",2
"2772","6620",1
"2773","6644",1
"2774","6656",1
"2775","6658",2
"2776","6660",1
"2777","6677",1
"2778","6690",1
"2779","6698",1
"2780","6718",1
"2781","6729",1
"2782","6750",1
"2783","6800",1
"2784","6842",1
"2785","6848",1
"2786","6890",1
"2787","6891",1
"2788","6911",1
"2789","6936",1
"2790","6949",1
"2791","6952",1
"2792","6966",1
"2793","6983",2
"2794","6993",1
"2795","7003",1
"2796","7012",1
"2797","7024",1
"2798","7059",1
"2799","7071",1
"2800","7097",1
"2801","7111",2
"2802","7120",1
"2803","7169",1
"2804","7189",1
"2805","7206",1
"2806","7246",1
"2807","7250",1
"2808","7266",1
"2809","7282",1
"2810","7294",1
"2811","7336",1
"2812","7340",1
"2813","7349",1
"2814","7352",1
"2815","7359",2
"2816","7362",1
"2817","7386",1
"2818","7394",1
"2819","7418",1
"2820","7424",1
"2821","7439",1
"2822","7446",1
"2823","7450",1
"2824","7460",1
"2825","7480",1
"2826","7494",1
"2827","7524",1
"2828","7530",1
"2829","7549",1
"2830","7554",1
"2831","7557",1
"2832","7644",1
"2833","7648",1
"2834","7656",1
"2835","7688",1
"2836","7692",1
"2837","7696",1
"2838","7707",1
"2839","7718",2
"2840","7719",1
"2841","7720",1
"2842","7732",1
"2843","7741",1
"2844","7748",1
"2845","7752",1
"2846","7764",1
"2847","7772",1
"2848","7788",1
"2849","7793",1
"2850","7805",1
"2851","7836",1
"2852","7848",1
"2853","7890",1
"2854","7893",1
"2855","7899",1
"2856","7959",1
"2857","7963",1
"2858","7967",1
"2859","7993",1
"2860","7999",1
"2861","8009",1
"2862","8020",1
"2863","8029",1
"2864","8032",1
"2865","8103",1
"2866","8122",1
"2867","8137",1
"2868","8165",1
"2869","8170",2
"2870","8240",1
"2871","8273",1
"2872","8314",1
"2873","8333",1
"2874","8338",1
"2875","8346",1
"2876","8355",1
"2877","8358",1
"2878","8373",1
"2879","8375",1
"2880","8381",1
"2881","8397",1
"2882","8462",1
"2883","8470",1
"2884","8486",1
"2885","8494",1
"2886","8506",1
"2887","8518",1
"2888","8521",1
"2889","8571",1
"2890","8578",1
"2891","8614",1
"2892","8618",1
"2893","8644",1
"2894","8706",1
"2895","8713",1
"2896","8734",1
"2897","8751",1
"2898","8754",1
"2899","8777",1
"2900","8801",1
"2901","8816",1
"2902","8821",1
"2903","8826",1
"2904","8827",1
"2905","8862",1
"2906","8866",1
"2907","8893",1
"2908","8897",1
"2909","8928",1
"2910","8934",1
"2911","8956",1
"2912","8957",1
"2913","8994",1
"2914","9012",1
"2915","9065",1
"2916","9138",1
"2917","9164",1
"2918","9180",1
"2919","9187",1
"2920","9193",1
"2921","9199",1
"2922","9207",1
"2923","9247",1
"2924","9324",1
"2925","9371",1
"2926","9372",1
"2927","9396",1
"2928","9399",1
"2929","9442",1
"2930","9444",1
"2931","9446",1
"2932","9452",1
"2933","9468",1
"2934","9558",1
"2935","9598",1
"2936","9624",1
"2937","9637",1
"2938","9663",1
"2939","9669",1
"2940","9708",1
"2941","9730",1
"2942","9791",1
"2943","9825",1
"2944","9826",1
"2945","9827",1
"2946","9915",1
"2947","9926",1
"2948","9991",1
"2949","9993",1
"2950","10066",1
"2951","10075",1
"2952","10080",1
"2953","10091",1
"2954","10103",1
"2955","10160",1
"2956","10162",1
"2957","10177",1
"2958","10191",1
"2959","10213",1
"2960","10273",1
"2961","10284",1
"2962","10293",1
"2963","10360",1
"2964","10382",1
"2965","10386",1
"2966","10402",1
"2967","10425",1
"2968","10437",1
"2969","10486",1
"2970","10551",1
"2971","10604",1
"2972","10634",1
"2973","10640",1
"2974","10647",1
"2975","10693",1
"2976","10740",1
"2977","10761",1
"2978","10790",1
"2979","10821",1
"2980","10854",1
"2981","10948",1
"2982","10957",1
"2983","11001",1
"2984","11037",1
"2985","11047",1
"2986","11183",1
"2987","11224",1
"2988","11279",1
"2989","11305",1
"2990","11377",1
"2991","11386",1
"2992","11463",1
"2993","11512",1
"2994","11559",1
"2995","11661",1
"2996","11748",1
"2997","11762",2
"2998","11827",1
"2999","11849",1
"3000","11866",1
"3001","11878",1
"3002","11888",1
"3003","11950",1
"3004","11963",1
"3005","12038",1
"3006","12137",1
"3007","12183",1
"3008","12203",1
"3009","12219",1
"3010","12227",1
"3011","12242",1
"3012","12255",1
"3013","12269",1
"3014","12417",1
"3015","12446",1
"3016","12464",1
"3017","12473",1
"3018","12508",1
"3019","12524",1
"3020","12527",1
"3021","12543",1
"3022","12636",1
"3023","12748",2
"3024","12766",1
"3025","12774",1
"3026","12775",1
"3027","12795",1
"3028","12856",1
"3029","12909",1
"3030","12917",1
"3031","13083",1
"3032","13127",1
"3033","13185",1
"3034","13187",1
"3035","13194",1
"3036","13274",1
"3037","13379",1
"3038","13456",1
"3039","13463",1
"3040","13466",1
"3041","13589",1
"3042","13609",1
"3043","13625",1
"3044","13706",1
"3045","13739",1
"3046","13744",1
"3047","13767",1
"3048","13864",1
"3049","13931",1
"3050","13993",1
"3051","14113",1
"3052","14143",1
"3053","14150",1
"3054","14327",1
"3055","14354",1
"3056","14437",1
"3057","14459",1
"3058","14466",1
"3059","14479",1
"3060","14504",1
"3061","14539",1
"3062","14568",1
"3063","14628",1
"3064","14743",1
"3065","14911",1
"3066","14933",1
"3067","14978",1
"3068","14980",1
"3069","15012",1
"3070","15051",1
"3071","15174",1
"3072","15255",1
"3073","15299",1
"3074","15534",1
"3075","15653",1
"3076","15657",1
"3077","15706",1
"3078","15797",1
"3079","15806",1
"3080","15844",1
"3081","15857",1
"3082","15894",1
"3083","15990",1
"3084","16100",1
"3085","16168",1
"3086","16202",1
"3087","16259",1
"3088","16369",1
"3089","16597",1
"3090","16678",1
"3091","16734",1
"3092","16934",1
"3093","17091",1
"3094","17374",1
"3095","17439",1
"3096","17453",1
"3097","17576",1
"3098","17663",1
"3099","17825",1
"3100","17888",1
"3101","17927",1
"3102","17929",1
"3103","18038",1
"3104","18067",1
"3105","18370",1
"3106","18505",1
"3107","18664",1
"3108","18680",1
"3109","18695",1
"3110","18736",1
"3111","18747",1
"3112","18806",1
"3113","18872",1
"3114","19096",1
"3115","19203",1
"3116","19271",1
"3117","19285",1
"3118","19289",1
"3119","19532",1
"3120","19622",1
"3121","19649",1
"3122","19707",1
"3123","20264",1
"3124","20361",1
"3125","20582",1
"3126","20601",1
"3127","20800",1
"3128","20873",1
"3129","20875",1
"3130","20957",1
"3131","21014",1
"3132","21134",1
"3133","21166",1
"3134","21249",1
"3135","21481",1
"3136","21714",1
"3137","21865",1
"3138","22396",1
"3139","22425",1
"3140","22720",1
"3141","22852",1
"3142","23132",1
"3143","23195",1
"3144","23724",2
"3145","24179",1
"3146","24339",1
"3147","24398",1
"3148","24576",1
"3149","24831",1
"3150","24851",1
"3151","25582",1
"3152","25586",1
"3153","25749",1
"3154","25770",1
"3155","25975",1
"3156","26013",1
"3157","26073",1
"3158","26580",1
"3159","27177",1
"3160","27468",1
"3161","27637",1
"3162","27728",1
"3163","27839",1
"3164","27885",1
"3165","28029",1
"3166","28504",1
"3167","29604",1
"3168","30858",1
"3169","30973",1
"3170","31090",1
"3171","31541",1
"3172","31736",1
"3173","31944",1
"3174","32168",1
"3175","32517",1
"3176","33166",1
"3177","33502",1
"3178","33581",1
"3179","33845",1
"3180","34246",1
"3181","34441",1
"3182","34768",1
"3183","34839",1
"3184","35176",1
"3185","35873",1
"3186","36511",1
"3187","36542",1
"3188","36796",1
"3189","36899",1
"3190","37177",1
"3191","37467",1
"3192","37581",1
"3193","37807",1
"3194","38500",1
"3195","38609",1
"3196","38662",1
"3197","38944",1
"3198","39490",1
"3199","39662",1
"3200","39663",1
"3201","39703",1
"3202","39870",1
"3203","40573",1
"3204","42565",1
"3205","42786",1
"3206","44710",1
"3207","44935",1
"3208","45600",1
"3209","46361",1
"3210","46917",1
"3211","47533",1
"3212","47827",1
"3213","48135",1
"3214","48570",1
"3215","48791",1
"3216","49389",1
"3217","49751",1
"3218","49841",1
"3219","50289",1
"3220","50406",1
"3221","50473",1
"3222","50540",1
"3223","50723",1
"3224","50763",1
"3225","50819",1
"3226","51398",1
"3227","51730",1
"3228","52314",1
"3229","53752",1
"3230","54320",1
"3231","55228",1
"3232","55671",1
"3233","56149",1
"3234","57601",1
"3235","59192",1
"3236","59578",1
"3237","59916",1
"3238","61295",1
"3239","62791",1
"3240","65898",1
"3241","66835",1
"3242","67646",1
"3243","70738",1
"3244","71433",1
"3245","77866",1
"3246","80098",1
"3247","81633",1
"3248","84768",1
"3249","84891",1
"3250","86180",1
"3251","88117",1
"3252","88664",1
"3253","89637",1
"3254","89969",1
"3255","91392",1
"3256","92379",1
"3257","93055",1
"3258","94674",1
"3259","98043",1
"3260","98224",1
"3261","99385",1
"3262","99978",1
"3263","103796",1
"3264","105513",1
"3265","106173",1
"3266","106904",1
"3267","108167",1
"3268","108684",1
"3269","109152",1
"3270","109504",1
"3271","109613",1
"3272","112335",1
"3273","112513",1
"3274","114999",1
"3275","122396",1
"3276","124293",1
"3277","138866",1
"3278","138985",1
"3279","141378",1
"3280","143666",1
"3281","144073",1
"3282","148028",1
"3283","163904",1
"3284","171346",1
"3285","173459",1
"3286","186126",1
"3287","193544",1
"3288","203378",1
"3289","208308",1
"3290","218447",1
"3291","223265",1
"3292","257858",1
"3293","270094",1
"3294","273902",1
"3295","277926",1
"3296","286077",1
"3297","296686",1
"3298","362711",1
"3299","400726",1
"3300","431609",1
"3301","459320",1
"3302","593418",1
"3303","769209",1
"3304","874684",1
"3305","899121",1
"3306","1065238",1
"3307","1085569",1
"3308","1854934",1
